Año de Oferta Pública,Tipo de Acceso,Cuerpo/Especialidad ó Categoría Profesional,URL Modificación,URL Modificación 2,Plazas,Plazo de solicitud,Estado
2019,Personal Funcionario - Acceso libre,A1.1100 Administradoras/Administradores Generales (Estabilización),,,98,21/11/2019,Convocatoria 3º ejercicio
2019,Personal Funcionario - Acceso libre,A1.1200 Administradoras/Administradores de Gestión Financiera (Estabilización),,,12,21/11/2019,Convocatoria 3º ejercicio
2018,Personal Funcionario - Promoción interna,A1.1100 Administradoras/Administradores Generales (Promoción Interna),,,280,,Oferta de plazas vacantes
2018,Personal Funcionario - Promoción interna,A1.1200 Administradoras/Administradores de Gestión Financiera (Promoción Interna),,,104,,Proceso finalizado
2018,Personal Funcionario - Acceso libre,A1.1100 Administradoras/Administradores Generales,,,105,21/11/2019,Convocatoria lectura del 3º ejercicio
2018,Personal Funcionario - Acceso libre,A1.1200 Administradoras/Administradores de Gestión Financiera,,,85,21/11/2019,Convocatoria lectura del 3º ejercicio
2017,Personal Funcionario - Promoción interna,A1.1100 Administradoras/Administradores Generales (Promoción Interna),,,,,Proceso selectivo unificado con OEP 2018
2017,Personal Funcionario - Promoción interna,A1.1200 Administradoras/Administradores de Gestión Financiera (Promoción Interna),,,,,Proceso selectivo unificado con OEP 2018
2017,Personal Funcionario - Acceso libre,A1.1100 Administradoras/Administradores Generales,,,40,,Proceso selectivo unificado
2017,Personal Funcionario - Acceso libre,A1.1100 Administradoras/Administradores Generales (Estabilización),,,46,,Proceso selectivo unificado
2017,Personal Funcionario - Acceso libre,A1.1200 Administradoras/Administradores de Gestión Financiera (Estabilización),,,3,,Proceso selectivo unificado
2017,Personal Funcionario - Acceso libre,A1.1200 Administradoras/Administradores de Gestión Financiera,,,40,,Proceso selectivo unificado
2016,Personal Funcionario - Promoción interna,A1.1100 Administradoras/Administradores Generales (Promoción Interna),,,160,21/10/2016,Proceso finalizado
2016,Personal Funcionario - Promoción interna,A1.1200 Administradoras/Administradores de Gestión Financiera (Promoción Interna),,,80,21/10/2016,Proceso finalizado
2016,Personal Funcionario - Acceso libre,A1.1100 Administradoras/Administradores Generales,,,90,16/01/2017,Proceso finalizado
2016,Personal Funcionario - Acceso libre,A1.1200 Administradoras/Administradores de Gestión Financiera,,,86,,Proceso finalizado
2016,Promoción horizontal (cruzada),A1.1100 Administradoras/Administradores Generales (Cupo promoción personal laboral),,,55,21/06/2017,Listado definitivo de personas aprobadas en la oposición
2013,Personal Funcionario - Promoción interna,A1.1100 Administradoras/Administradores Generales (Promoción Interna),,,29,06/05/2014,Proceso finalizado
2013,Personal Funcionario - Promoción interna,A1.1200 Administradoras/Administradores de Gestión Financiera (Promoción Interna),,,30,06/05/2014,Proceso finalizado
2013,Personal Funcionario - Acceso libre,A1.1200 Administradoras/Administradores de Gestión Financiera,,,59,14/10/2014,Proceso finalizado
2010,Personal Funcionario - Promoción interna,A1.1100 Administradoras/Administradores Generales (Cupo promoción personal laboral),,,20,24/09/2011,Proceso finalizado
2010,Personal Funcionario - Acceso libre,A1.1100 Administradoras/Administradores Generales,,,90,11/08/2011,Proceso finalizado
2010,Personal Funcionario - Acceso libre,A1.1200 Administradoras/Administradores de Gestión Financiera,,,10,08/08/2011,Proceso finalizado
2009,Personal Funcionario - Promoción interna,A1.1100 Administradoras/Administradores Generales,,,40,29/04/2009,Proceso finalizado
2009,Personal Funcionario - Promoción interna,A1.1200 Administradoras/Administradores de Gestión Financiera,,,10,29/04/2009,Proceso finalizado
2009,Personal Funcionario - Acceso libre,A1.1100 Administradoras/Administradores Generales,,,150,18/07/2009,Proceso finalizado
2009,Personal Funcionario - Acceso libre,A1.1200 Administradoras/Administradores de Gestión Financiera,,,105,25/04/2009,Proceso finalizado
2019,Personal Funcionario - Acceso libre,A1.2001 Arquitectura Superior (Estabilización).,,,5,17/12/2019,Resultado de la fase de oposición
2019,Personal Funcionario - Acceso libre,A1.2002 Ingeniería Agrónoma (Estabilización).,,,8,17/12/2019,Convocatoria lectura del 3º ejercicio
2019,Personal Funcionario - Acceso libre,A1.2005 Ingeniería de Minas (Estabilización).,,,1,17/12/2019,Lista definitiva de personas aprobadas
2019,Personal Funcionario - Acceso libre,A1.2007 Biología (Estabilización).,,,6,17/12/2019,Convocatoria 3º ejercicio
2019,Personal Funcionario - Acceso libre,"A1.2009 Medicina, subopción Medicina del Trabajo (Estabilización).",,,4,17/12/2019,Resultado de la fase de oposición
2019,Personal Funcionario - Acceso libre,A1.2012 Veterinaria (Estabilización).,,,10,17/12/2019,Resultado de la fase de oposición
2019,Personal Funcionario - Acceso libre,A1.2013 Geografía (Estabilización).,,,1,17/12/2019,Lista definitiva de personas aprobadas
2019,Personal Funcionario - Acceso libre,A1.2016 Psicología (Estabilización).,,,3,17/12/2019,Resultado de la fase de concurso
2019,Personal Funcionario - Acceso libre,A1.2019 Informática (Estabilización).,,,12,17/12/2019,Resultado de la fase de oposición
2019,Personal Funcionario - Acceso libre,A1.2024 Conservadoras/Conservadores de Museos (Estabilización).,,,1,17/12/2019,Resultado de la fase de oposición
2019,Personal Funcionario - Acceso libre,A1.2028 Ciencias Sociales y del Trabajo (Estabilización).,,,11,17/12/2019,Convocatoria lectura del 3º ejercicio
2019,Personal Funcionario - Acceso libre,A1.2009 Medicina (Estabilización).,,,3,31/12/2019,Resultado de la fase de oposición
2019,Personal Funcionario - Acceso libre,A1.2011 Química (Estabilización).,,,3,31/12/2019,Listado definitivo de personas aprobadas en concurso-oposición
2019,Personal Funcionario - Acceso libre,A1.2015 Pedagogía (Estabilización).,,,7,31/12/2019,Resultado de la fase de oposición
2019,Personal Funcionario - Acceso libre,A1.2017 Sociología (Estabilización).,,,2,31/12/2019,Lista definitiva de personas aprobadas
2019,Personal Funcionario - Acceso libre,A1.2022 Archivística (Estabilización).,,,5,31/12/2019,Listado definitivo de personas aprobadas en concurso-oposición
2019,Personal Funcionario - Acceso libre,A1.2023 Biblioteconomía (Estabilización).,,,5,31/12/2019,Lista definitiva de personas aprobadas
2019,Personal Funcionario - Acceso libre,A1.2025 Conservadoras/Conservadores de Patrimonio (Estabilización).,,,3,31/12/2019,Lista definitiva de personas aprobadas
2018,Personal Funcionario - Promoción interna,A1.2019 Informática (Promoción Interna),,,56,,Nombramientos
2018,Personal Funcionario - Promoción interna,A1.2024 Conservadoras/Conservadores de Museos (Promoción Interna),,,5,,Nombramientos
2018,Personal Funcionario - Promoción interna,A1.2025 Conservadoras/Conservadores de Patrimonio. Subopción Patrimonio Arqueológico,,,5,,Nombramientos
2018,Personal Funcionario - Promoción interna,A1.2010 Pesca (Promoción Interna),,,5,,Nombramientos
2018,Personal Funcionario - Promoción interna,A1.2022 Archivística (Promoción Interna),,,5,,Nombramientos
2018,Personal Funcionario - Promoción interna,A1.2028 Ciencias Sociales y del Trabajo (Promoción Interna),,,5,,Nombramientos
2018,Personal Funcionario - Promoción interna,A1.2006 Ingeniería de Montes (Promoción Interna),,,5,,Nombramientos
2018,Personal Funcionario - Acceso libre,"A1.2009 Medicina, subopción Medicina del Trabajo",,,40,,Nombramientos
2018,Personal Funcionario - Acceso libre,A1.2100 Inspección de Prestaciones y Servicios Sanitarios (Opción Inspección Médica),,,32,,Nombramientos
2018,Personal Funcionario - Acceso libre,A1.2100 Inspección de Prestaciones y Servicios Sanitarios (Opción Ins. Farmacéutica),,,8,,Nombramientos
2018,Personal Funcionario - Acceso libre,A1.2001 Arquitectura Superior,,,10,,Listado definitivo de personas aprobadas en la oposición
2018,Personal Funcionario - Acceso libre,A1.2002 Ingeniería Agrónoma,,,12,,Lista definitiva de personas aprobadas
2018,Personal Funcionario - Acceso libre,A1.2004 Ingeniería Industrial,,,40,,Nombramientos
2018,Personal Funcionario - Acceso libre,A1.2005 Ingeniería de Minas,,,21,,Nombramientos
2018,Personal Funcionario - Acceso libre,A1.2007 Biología,,,5,,Listado definitivo de personas aprobadas en la oposición
2018,Personal Funcionario - Acceso libre,A1.2010 Pesca,,,5,,Nombramientos
2018,Personal Funcionario - Acceso libre,A1.2012 Veterinaria,,,28,,Resultado de la fase de oposición
2018,Personal Funcionario - Acceso libre,A1.2013 Geografía,,,5,17/12/2019,Oferta de plazas vacantes
2018,Personal Funcionario - Acceso libre,A1.2028 Ciencias Sociales y del Trabajo,,,5,,Convocatoria lectura del 3º ejercicio
2018,Personal Funcionario - Acceso libre,A1.2014 Geología,,,7,,Nombramientos
2018,Personal Funcionario - Acceso libre,A1.2016 Psicología,,,11,,Listado definitivo de personas aprobadas en la oposición
2018,Personal Funcionario - Acceso libre,A1.2019 Informática,,,26,,Lista definitiva de personas aprobadas
2018,Personal Funcionario - Acceso libre,A1.2020 Letradas/Letrados de la Administración Sanitaria,,,14,,Convocatoria 4º ejercicio
2018,Personal Funcionario - Acceso libre,A1.2024 Conservadoras/Conservadores de Museos,,,5,,Lista definitiva de personas aprobadas
2018,Personal Funcionario - Acceso libre,A1.2200 Especialidad Investigación Agraria y Pesquera,,,25,,Resultado 1er ejercicio y convocatoria del 2º
2018,Personal Funcionario - Acceso libre,A1.2027 Actividad Física y del Deporte,,,5,,Nombramientos
2017,Personal Funcionario - Promoción interna,A1.2002 Ingeniería Agrónoma (Promoción Interna),,,10,,Nombramientos
2017,Personal Funcionario - Promoción interna,A1.2019 Informática (Promoción Interna),,,,,Proceso selectivo unificado con OEP 2018
2017,Personal Funcionario - Promoción interna,A1.2029 Ciencias del Medio Natural y Calidad Ambiental (Promoción Interna),,,10,,Nombramientos
2017,Personal Funcionario - Acceso libre,"A1.2009 Medicina, subopción Medicina del Trabajo",,,20,,Proceso selectivo unificado con OEP 2018
2017,Personal Funcionario - Acceso libre,A1.2100 Inspección de Prestaciones y Servicios Sanitarios (Opción Inspección Médica),,,,,Proceso selectivo unificado con OEP 2018
2017,Personal Funcionario - Acceso libre,A1.2100 Inspección de Prestaciones y Servicios Sanitarios (Opción Ins. Farmacéutica),,,,,Proceso selectivo unificado con OEP 2018
2017,Personal Funcionario - Acceso libre,A1.2008 Farmacia (Estabilización).,,,2,31/12/2019,Lista definitiva de personas aprobadas
2017,Personal Funcionario - Acceso libre,A1.2018 Estadística (Estabilización),,,1,31/12/2019,En plazo de presentación de autobaremo
2017,Personal Funcionario - Acceso libre,A1.2020 Letradas/Letrados de la Administración Sanitaria (Estabilización),,,1,,Convocatoria 4º ejercicio
2017,Personal Funcionario - Acceso libre,A1.2002 Ingeniería Agrónoma,,,5,,Proceso selectivo unificado con OEP 2018
2017,Personal Funcionario - Acceso libre,A1.2004 Ingeniería Industrial,,,,,Proceso selectivo unificado con OEP 2018
2017,Personal Funcionario - Acceso libre,A1.2012 Veterinaria,,,20,,Proceso selectivo unificado con OEP 2018
2017,Personal Funcionario - Acceso libre,A1.2013 Geografía,,,5,,Proceso selectivo unificado con OEP 2018
2017,Personal Funcionario - Acceso libre,A1.2029 Ciencias del Medio Natural y Calidad Ambiental,,,5,,Nombramientos
2017,Personal Funcionario - Acceso libre,A1.2018 Estadística,,,5,31/12/2019,Nombramientos
2017,Personal Funcionario - Acceso libre,A1.2020 Letradas/Letrados de la Administración Sanitaria,,,5,,Proceso selectivo unificado con OEP 2018
2017,Personal Funcionario - Acceso libre,A1.2200 Especialidad Investigación Agraria y Pesquera,,,15,,Proceso selectivo unificado con OEP 2018
2016,Personal Funcionario - Promoción interna,A1.2010 Pesca (Promoción Interna),,,9,22/12/2016,Proceso finalizado
2016,Personal Funcionario - Promoción interna,A1.2028 Ciencias Sociales y del Trabajo (Promoción Interna),,,25,22/12/2016,Proceso finalizado
2016,Personal Funcionario - Promoción interna,A1.2001 Arquitectura Superior,,,6,,Proceso finalizado
2016,Personal Funcionario - Promoción interna,A1.2008 Farmacia,,,5,19/06/2017,Sin solicitantes
2016,Personal Funcionario - Promoción interna,A1.2029 Ciencias del Medio Natural y Calidad Ambiental,,,10,19/06/2017,Proceso finalizado
2016,Personal Funcionario - Promoción interna,A1.2018 Estadística,,,9,22/12/2016,Proceso finalizado
2016,Personal Funcionario - Promoción interna,A1.2019 Informática,,,20,22/12/2016,Proceso finalizado
2016,Personal Funcionario - Promoción interna,A1.2022 Archivística,,,5,22/12/2016,Nombramientos
2016,Personal Funcionario - Promoción interna,A1.2023 Biblioteconomía,,,9,22/12/2016,Proceso finalizado
2016,Personal Funcionario - Acceso libre,"A1.2009 Medicina, subopción Medicina del Trabajo",,,15,,Nombramientos
2016,Personal Funcionario - Acceso libre,A1.2025 Conservadoras/Conservadores de Patrimonio. Subopción Patrimonio Arqueológico,,,8,09/02/2017,Nombramientos
2016,Personal Funcionario - Acceso libre,A1.2001 Arquitectura Superior,,,5,20/06/2017,Proceso finalizado
2016,Personal Funcionario - Acceso libre,A1.2005 Ingeniería de Minas,,,10,,Proceso finalizado
2016,Personal Funcionario - Acceso libre,A1.2012 Veterinaria,,,10,19/06/2017,Proceso finalizado
2016,Personal Funcionario - Acceso libre,A1.2028 Ciencias Sociales y del Trabajo,,,22,09/02/2017,Proceso finalizado
2016,Personal Funcionario - Acceso libre,A1.2015 Pedagogía,,,6,09/02/2017,Proceso finalizado
2016,Personal Funcionario - Acceso libre,A1.2019 Informática,,,11,09/02/2017,Proceso finalizado
2016,Personal Funcionario - Acceso libre,A1.2022 Archivística,,,10,09/02/2017,Proceso finalizado
2016,Personal Funcionario - Acceso libre,A1.2024 Conservadoras/Conservadores de Museos,,,5,09/02/2017,Proceso finalizado
2016,Personal Funcionario - Acceso libre,A1.2200 Especialidad Investigación Agraria y Pesquera,,,15,,Nombramientos
2016,Personal Funcionario - Acceso libre,A1.2026 Ingeniería de Telecomunicaciones,,,6,,Proceso finalizado
2016,Personal Funcionario - Acceso libre,A1.2100 Inspección de Prestaciones y Servicios Sanitarios,,,10,,Proceso finalizado
2016,Promoción horizontal (cruzada),A1.2012 Veterinaria (Cupo promoción personal laboral),,,30,20/06/2017,Listado definitivo de personas aprobadas en concurso-oposición
2015,Personal Funcionario - Promoción interna,A1.2002 Ingeniería Agrónoma,,,5,20/06/2017,Proceso finalizado
2015,Personal Funcionario - Acceso libre,A1.2020 Letradas/Letrados de la Administración Sanitaria,,,5,08/10/2016,Proceso finalizado
2013,Personal Funcionario - Promoción interna,A1.2028 Ciencias Sociales y del Trabajo (Cupo promoción personal laboral),,,25,14/10/2014,Proceso finalizado
2010,Personal Funcionario - Acceso libre,A1.2002 Ingeniería Agrónoma,,,5,12/08/2011,Proceso finalizado
2010,Personal Funcionario - Acceso libre,"A1.2003 Ingeniería de Caminos, Canales y Puertos",,,5,12/08/2011,Proceso finalizado
2010,Personal Funcionario - Acceso libre,A1.2004 Ingeniería Industrial,,,5,10/08/2011,Proceso finalizado
2010,Personal Funcionario - Acceso libre,A1.2006 Ingeniería de Montes,,,5,20/08/2011,Proceso finalizado
2010,Personal Funcionario - Acceso libre,A1.2028 Ciencias Sociales y del Trabajo,,,30,20/08/2011,Proceso finalizado
2010,Personal Funcionario - Acceso libre,A1.2016 Psicología,,,25,20/08/2011,Proceso finalizado
2010,Personal Funcionario - Acceso libre,A1.2017 Sociología,,,5,16/08/2011,Proceso finalizado
2010,Personal Funcionario - Acceso libre,A1.2018 Estadística,,,5,10/08/2011,Proceso finalizado
2010,Personal Funcionario - Acceso libre,A1.2026 Ingeniería de Telecomunicaciones,,,5,08/08/2011,Proceso finalizado
2009,Personal Funcionario - Promoción interna,A1.2002 Ingeniería Agrónoma,,,5,29/04/2009,Proceso finalizado
2009,Personal Funcionario - Promoción interna,A1.2019 Informática,,,10,29/04/2009,Proceso finalizado
2009,Personal Funcionario - Promoción interna,A1.2024 Conservadoras/Conservadores de Museos,,,5,29/04/2009,Proceso finalizado
2009,Personal Funcionario - Promoción interna,A1.2025 Conservadoras/Conservadores de Patrimonio,,,5,29/04/2009,Proceso finalizado
2009,Personal Funcionario - Acceso libre,A1.2002 Ingeniería Agrónoma,,,22,27/07/2009,Proceso finalizado
2009,Personal Funcionario - Acceso libre,"A1.2003 Ingeniería de Caminos, Canales y Puertos",,,10,25/07/2009,Proceso finalizado
2009,Personal Funcionario - Acceso libre,A1.2004 Ingeniería Industrial,,,5,19/06/2009,Proceso finalizado
2009,Personal Funcionario - Acceso libre,A1.2007 Biología,,,5,28/05/2009,Proceso finalizado
2009,Personal Funcionario - Acceso libre,A1.2012 Veterinaria,,,10,25/04/2009,Proceso finalizado
2009,Personal Funcionario - Acceso libre,A1.2028 Ciencias Sociales y del Trabajo,,,15,15/05/2009,Proceso finalizado
2009,Personal Funcionario - Acceso libre,A1.2016 Psicología,,,25,31/07/2009,Proceso finalizado
2009,Personal Funcionario - Acceso libre,A1.2017 Sociología,,,5,25/04/2009,Proceso finalizado
2009,Personal Funcionario - Acceso libre,A1.2018 Estadística,,,5,28/05/2009,Proceso finalizado
2009,Personal Funcionario - Acceso libre,A1.2020 Letradas/Letrados de la Administración Sanitaria,,,3,30/07/2009,Proceso finalizado
2009,Personal Funcionario - Acceso libre,A1.2026 Ingeniería de Telecomunicaciones,,,5,25/04/2009,Proceso finalizado
2009,Personal Funcionario - Acceso libre,A1.2027 Actividad Física y del Deporte,,,5,25/04/2009,Proceso finalizado
2006,Personal Funcionario - Acceso libre,A1.2010 Pesca,,,10,27/12/2006,Proceso finalizado
2006,Personal Funcionario - Acceso libre,A1.2014 Geología,,,5,27/12/2006,Proceso finalizado
2016,Personal Funcionario - Acceso libre,A1.2002 Ingeniería Agrónoma,,,19,19/06/2017,Proceso finalizado
2018,Personal Funcionario - Acceso libre,A1.3000 Cuerpo de Letradas/Letrados de la Junta de Andalucía,,,15,,Nombramientos
2017,Personal Funcionario - Acceso libre,A1.3000 Cuerpo de Letradas/Letrados de la Junta de Andalucía,,,5,,Proceso selectivo unificado con OEP 2018
2016,Personal Funcionario - Acceso libre,A1.3000 Cuerpo de Letradas/Letrados de la Junta de Andalucía,,,10,08/10/2016,Proceso finalizado
2013,Personal Funcionario - Acceso libre,A1.3000 Cuerpo de Letradas/Letrados de la Junta de Andalucía,,,2,14/10/2014,Proceso finalizado
2010,Personal Funcionario - Acceso libre,A1.3000 Cuerpo de Letradas y Letrados de la Junta de Andalucía,,,10,04/11/2011,Proceso finalizado
2009,Personal Funcionario - Acceso libre,A1.3000 Cuerpo de Letradas/Letrados de la Junta de Andalucía,,,5,12/08/2009,Proceso finalizado
2016,Personal Funcionario - Acceso libre,"A1.6000 Cuerpo Superior de Inspección de Ordenación del Territorio, Urbanismo y Vivienda",,,5,,Proceso finalizado
2019,Personal Funcionario - Acceso libre,A2.1100 Administración General (Estabilización),,,41,21/11/2019,Convocatoria 3º ejercicio
2019,Personal Funcionario - Acceso libre,A2.1200 Gestión Financiera (Estabilización),,,5,21/11/2019,Convocatoria lectura del 3º ejercicio
2018,Personal Funcionario - Promoción interna,A2.1100 Administración General (Promoción Interna),,,306,,Nombramientos
2018,Personal Funcionario - Promoción interna,A2.1200 Gestión Financiera (Promoción Interna),,,95,,Listado complementario personas aprobadas con plaza
2018,Personal Funcionario - Acceso libre,A2.1100  Administración General,,,55,21/11/2019,Convocatoria lectura del 3º ejercicio
2018,Personal Funcionario - Acceso libre,A2.1200 Gestión Financiera,,,55,21/11/2019,Convocatoria lectura del 3º ejercicio
2017,Personal Funcionario - Promoción interna,A2.1100 Administración General (Promoción Interna),,,,,Proceso selectivo unificado con OEP 2018
2017,Personal Funcionario - Acceso libre,A2.1100 Administración General (Estabilización),,,25,,Proceso selectivo unificado
2017,Personal Funcionario - Acceso libre,A2.1100  Administración General,,,30,,Proceso selectivo unificado
2017,Personal Funcionario - Acceso libre,A2.1200 Gestión Financiera,,,30,,Proceso selectivo unificado
2016,Personal Funcionario - Promoción interna,A2.1100 Administración General (Promoción Interna),,,85,21/10/2016,Proceso finalizado
2016,Personal Funcionario - Promoción interna,A2.1200 Gestión Financiera (Promoción Interna),,,44,21/10/2016,Proceso finalizado
2016,Personal Funcionario - Acceso libre,A2.1100  Administración General,,,70,16/01/2017,Proceso finalizado
2016,Personal Funcionario - Acceso libre,A2.1200 Gestión Financiera,,,30,16/01/2017,Proceso finalizado
2016,Promoción horizontal (cruzada),A2.1100 Administración General (Cupo promoción personal laboral),,,30,20/06/2017,Lista definitiva de personas aprobadas
2013,Personal Funcionario - Promoción interna,A2.1100 Administración General (Promoción Interna),,,20,06/05/2014,Proceso finalizado
2013,Personal Funcionario - Promoción interna,A2.1200 Gestión Financiera (Promoción Interna),,,20,06/05/2014,Proceso finalizado
2013,Personal Funcionario - Acceso libre,A2.1200 Gestión Financiera,,,20,14/10/2014,Proceso finalizado
2010,Personal Funcionario - Promoción interna,A2.1100 Administración General (Cupo promoción personal laboral),,,10,24/09/2011,Proceso finalizado
2010,Personal Funcionario - Promoción interna,A2.1100  Administración General,,,20,26/04/2011,Proceso finalizado
2010,Personal Funcionario - Acceso libre,A2.1100  Administración General,,,40,11/08/2011,Proceso finalizado
2009,Personal Funcionario - Promoción interna,A2.1100  Administración General,,,175,29/04/2009,Proceso finalizado
2009,Personal Funcionario - Promoción interna,A2.1200 Gestión Financiera,,,10,29/04/2009,Proceso finalizado
2009,Personal Funcionario - Acceso libre,A2.1100  Administración General,,,85,30/07/2009,Proceso finalizado
2019,Personal Funcionario - Acceso libre,A2.2001 Arquitectura Técnica (Estabilización).,,,24,17/12/2019,Convocatoria 3º ejercicio
2019,Personal Funcionario - Acceso libre,A2.2002 Ingeniería Técnica Agrícola (Estabilización).,,,19,17/12/2019,Resultado de la fase de oposición
2019,Personal Funcionario - Acceso libre,A2.2004 Ingeniería Técnica Industrial (Estabilización).,,,6,17/12/2019,Resultado de la fase de oposición
2019,Personal Funcionario - Acceso libre,A2.2005 Ingeniería Técnica de Minas (Estabilización).,,,3,17/12/2019,Resultado de la fase de oposición
2019,Personal Funcionario - Acceso libre,A2.2008 Pesca (Estabilización).,,,2,17/12/2019,Lista definitiva de personas aprobadas
2019,Personal Funcionario - Acceso libre,A2.2010 Trabajo Social (Estabilización).,,,283,17/12/2019,Resultado de la fase de oposición
2019,Personal Funcionario - Acceso libre,A2.2012 Informática (Estabilización).,,,7,17/12/2019,Resultado de la fase de oposición
2019,Personal Funcionario - Acceso libre,A2.2003 Ingeniería Técnica de Obras Públicas (Estabilización).,,,1,31/12/2019,Lista definitiva de personas aprobadas
2019,Personal Funcionario - Acceso libre,A2.2006 Ingeniería Técnica Forestal (Estabilización).,,,5,31/12/2019,Lista definitiva de personas aprobadas
2019,Personal Funcionario - Acceso libre,A2.2007 ATS/DUE (Estabilización).,,,3,31/12/2019,Lista definitiva de personas aprobadas
2019,Personal Funcionario - Acceso libre,A2.2013 Ayudantes de Archivo (Estabilización).,,,4,31/12/2019,Lista definitiva de personas aprobadas
2019,Personal Funcionario - Acceso libre,A2.2014 Ayudantes de Bibliotecas (Estabilización).,,,4,31/12/2019,Lista definitiva de personas aprobadas
2019,Personal Funcionario - Acceso libre,A2.2200 Especialidad Desarrollo Agrario y Pesquero (Estabilización),,,2,12/11/2021,Convocada
2018,Personal Funcionario - Promoción interna,A2.2012 Informática (Promoción Interna),,,60,,Nombramientos
2018,Personal Funcionario - Promoción interna,A2.2008 Pesca (Promoción Interna),,,23,,Nombramientos
2018,Personal Funcionario - Promoción interna,A2.2002 Ingeniería Técnica Agrícola (Promoción Interna),,,5,,Nombramientos
2018,Personal Funcionario - Promoción interna,A2.2006 Ingeniería Técnica Forestal (Promoción Interna),,,5,,Nombramientos
2018,Personal Funcionario - Acceso libre,A2.2100  Subinspección de Prestaciones y Servicios Sanitarios,,,10,,Nombramientos
2018,Personal Funcionario - Acceso libre,A2.2018 Educadoras/Educadores Sociales,,,10,31/12/2019,Lista definitiva de personas aprobadas
2018,Personal Funcionario - Acceso libre,A2.2017   Turismo,,,23,,Nombramientos
2018,Personal Funcionario - Acceso libre,"A2.2007 Enfermería, subopción Enfermería del Trabajo",,,40,,Nombramientos
2018,Personal Funcionario - Acceso libre,A2.2200 Especialidad Desarrollo Agrario y Pesquero,,,5,12/11/2021,Convocada
2018,Personal Funcionario - Acceso libre,A2.2001 Arquitectura Técnica,,,14,,Convocatoria lectura del 3º ejercicio
2018,Personal Funcionario - Acceso libre,A2.2002 Ingeniería Técnica Agrícola,,,12,,Resultado de la fase de oposición
2018,Personal Funcionario - Acceso libre,A2.2004 Ingeniería Técnica Industrial,,,27,,Listado definitivo de personas aprobadas en la oposición
2018,Personal Funcionario - Acceso libre,A2.2005  Ingeniería Técnica de Minas,,,18,,Listado definitivo de personas aprobadas en la oposición
2018,Personal Funcionario - Acceso libre,A2.2008 Pesca,,,5,,Nombramientos
2018,Personal Funcionario - Acceso libre,A2.2009 Topografía,,,5,,Nombramientos
2018,Personal Funcionario - Acceso libre,A2.2010 Trabajo Social,,,45,,Lista definitiva de personas aprobadas
2018,Personal Funcionario - Acceso libre,A2.2012 Informática,,,8,,Lista provisional de personas aprobadas
2017,Personal Funcionario - Promoción interna,A2.2012 Informática (Promoción Interna),,,,,Proceso selectivo unificado con OEP 2018
2017,Personal Funcionario - Promoción interna,A2.2008 Pesca (Promoción Interna),,,,,Proceso selectivo unificado con OEP 2018
2017,Personal Funcionario - Acceso libre,"A2.2007 Enfermería, subopción Enfermería del Trabajo",,,,,Proceso selectivo unificado con OEP 2018
2017,Personal Funcionario - Acceso libre,A2.2002 Ingeniería Técnica Agrícola,,,5,,Proceso selectivo unificado con OEP 2018
2017,Personal Funcionario - Acceso libre,A2.2011 Estadística,,,5,,Nombramientos
2016,Personal Funcionario - Promoción interna,A2.2012 Informática (Promoción Interna),,,20,22/12/2016,Proceso finalizado
2016,Personal Funcionario - Promoción interna,A2.2010 Trabajo Social (Promoción Interna),,,20,22/12/2016,Proceso finalizado
2016,Personal Funcionario - Promoción interna,A2.2006 Ingeniería Técnica Forestal,,,6,20/06/2017,Nombramientos
2016,Personal Funcionario - Promoción interna,A2.2008 Pesca,,,15,22/12/2016,Proceso finalizado
2016,Personal Funcionario - Promoción interna,A2.2011 Estadística,,,6,22/12/2016,Proceso finalizado
2016,Personal Funcionario - Acceso libre,A2.2013 Ayudantes de Archivo,,,5,09/02/2017,Proceso finalizado
2016,Personal Funcionario - Acceso libre,A2.2014 Ayudantes de Bibliotecas,,,9,09/02/2017,Proceso finalizado
2016,Personal Funcionario - Acceso libre,"A2.2007 Enfermería, subopción Enfermería del Trabajo",,,10,,Proceso finalizado
2016,Personal Funcionario - Acceso libre,A2.2002 Ingeniería Técnica Agrícola,,,20,20/06/2017,Proceso finalizado
2016,Personal Funcionario - Acceso libre,A2.2004 Ingeniería Técnica Industrial,,,6,,Proceso finalizado
2016,Personal Funcionario - Acceso libre,A2.2010 Trabajo Social,,,41,09/02/2017,Proceso finalizado
2016,Personal Funcionario - Acceso libre,A2.2012 Informática,,,10,09/02/2017,Proceso finalizado
2015,Personal Funcionario - Acceso libre,A2.2100  Subinspección de Prestaciones y Servicios Sanitarios,,,5,,Proceso finalizado
2015,Personal Funcionario - Acceso libre,A2.2005  Ingeniería Técnica de Minas,,,5,,Proceso finalizado
2010,Personal Funcionario - Acceso libre,A2.2001 Arquitectura Técnica,,,5,18/08/2011,Proceso finalizado
2010,Personal Funcionario - Acceso libre,A2.2002 Ingeniería Técnica Agrícola,,,5,18/08/2011,Proceso finalizado
2010,Personal Funcionario - Acceso libre,A2.2010 Trabajo Social,,,15,25/08/2011,Proceso finalizado
2009,Personal Funcionario - Promoción interna,A2.2012 Informática,,,15,29/04/2009,Proceso finalizado
2009,Personal Funcionario - Acceso libre,A2.2015 Ayudantes de Museos,,,5,19/06/2009,Proceso finalizado
2009,Personal Funcionario - Acceso libre,A2.2016 Ayudantes del Patrimonio Histórico,,,5,27/07/2009,Proceso finalizado
2009,Personal Funcionario - Acceso libre,A2.2017   Turismo,,,5,28/05/2009,Proceso finalizado
2009,Personal Funcionario - Acceso libre,A2.2001 Arquitectura Técnica,,,5,28/05/2009,Proceso finalizado
2009,Personal Funcionario - Acceso libre,A2.2010 Trabajo Social,,,10,10/07/2009,Proceso finalizado
2019,Personal Funcionario - Acceso libre,C1.1000 Cuerpo General de Administrativos (Estabilización),,,369,16/12/2019,Resultado 2º ejercicio
2018,Personal Funcionario - Promoción interna,C1.1000 Cuerpo General de Administrativos (Promoción Interna),,,468,,Proceso finalizado
2018,Personal Funcionario - Acceso libre,C1.1000 Cuerpo General de Administrativos,,,269,16/12/2019,Resultado 2º ejercicio
2017,Personal Funcionario - Promoción interna,C1.1000 Cuerpo General de Administrativos (Promoción Interna),,,,,Proceso selectivo unificado con OEP 2018
2017,Personal Funcionario - Acceso libre,C1.1000 Cuerpo General de Administrativos,,,76,,Proceso selectivo unificado con OEP 2018
2016,Personal Funcionario - Promoción interna,C1.1000 Cuerpo General de Administrativos (Promoción Interna),,,425,21/10/2016,Proceso finalizado
2016,Personal Funcionario - Acceso libre,C1.1000 Cuerpo General de Administrativos,,,95,16/01/2017,Proceso finalizado
2013,Personal Funcionario - Promoción interna,C1.1000 Cuerpo General de Administrativos (Promoción Interna),,,90,06/05/2014,Proceso finalizado
2013,Personal Funcionario - Acceso libre,C1.1000 Cuerpo General de Administrativos,,,33,14/10/2014,Proceso finalizado
2010,Personal Funcionario - Promoción interna,C1.1000 Cuerpo General de Administrativos,,,125,26/04/2011,Proceso finalizado
2010,Personal Funcionario - Acceso libre,C1.1000 Cuerpo General de Administrativos,,,227,08/08/2011,Proceso finalizado
2010,Personal Funcionario - Acceso libre,"C1.1000 Cuerpo General de Administrativos (Reserva discapacidad psiquica, retraso leve/moderado)",,,8,07/07/2012,Proceso finalizado
2009,Personal Funcionario - Promoción interna,C1.1000 Cuerpo General de Administrativos,,,160,10/07/2009,Proceso finalizado
2009,Personal Funcionario - Promoción interna,C1.1000 Cuerpo General de Administrativos (Cupo promoción personal laboral),,,75,24/10/2009,Proceso finalizado
2009,Personal Funcionario - Acceso libre,C1.1000 Cuerpo General de Administrativos,,,150,01/08/2009,Proceso finalizado
2019,Personal Funcionario - Acceso libre,C1.2100 Agentes de Medio Ambiente (Estabilización),,,2,31/12/2019,Resultado de la fase de oposición
2019,Personal Funcionario - Acceso libre,C1.2001 Delineantes (Estabilización),,,3,31/12/2019,En plazo de presentación de autobaremo
2019,Personal Funcionario - Acceso libre,C1.2003 Informática (Estabilización),,,13,31/12/2019,En plazo de presentación de autobaremo
2019,Personal Funcionario - Acceso libre,C1.2005 Administración Agraria (Estabilización),,,5,31/12/2019,Resultado de la fase de oposición
2018,Personal Laboral - Acceso Libre,Médica/Médico,,,5,,Pendiente de convocatoria
2018,Personal Laboral - Promoción Interna,Pedagoga/Pedagogo,,,6,,Pendiente de convocatoria
2018,Personal Laboral - Acceso Libre,Psicóloga/Psicólogo,,,5,,Pendiente de convocatoria
2018,Personal Laboral - Acceso Libre,Diplomada/Diplomado Enfermería,,,5,,Pendiente de convocatoria
2017,Personal Laboral - Promoción Interna,Diplomada/Diplomado Enfermería,,,10,,Pendiente de convocatoria
2017,Personal Laboral - Promoción Interna,Diplomada/Diplomado Trabajo Social,,,20,,Pendiente de convocatoria
2018,Personal Laboral - Acceso Libre,Diplomada/o en Trabajo Social o equivalente,,,10,,Pendiente de convocatoria
2018,Personal Laboral - Promoción Interna,Diplomada/o en Trabajo Social o equivalente,,,10,,Pendiente de convocatoria
2018,Personal Laboral - Promoción Interna,Educador/Educadora,,,7,,Pendiente de convocatoria
2017,Personal Laboral - Acceso Libre,Educador/Educadora,,,5,27/06/2018,Lista definitiva de personas adjudicatarias
2017,Personal Laboral - Promoción Interna,Educador/Educadora,,,5,,Pendiente de convocatoria
2018,Personal Laboral - Acceso Libre,Educador/Educadora Infantil,,,5,,Pendiente de convocatoria
2017,Personal Laboral - Acceso Libre,Educador/Educadora Infantil,,,15,27/06/2018,Lista definitiva de personas adjudicatarias
2018,Personal Laboral - Acceso Libre,Educador/Educadora de Centros Sociales,,,5,,Pendiente de convocatoria
2018,Personal Laboral - Promoción Interna,Educador/Educadora de Centros Sociales,,,10,,Pendiente de convocatoria
2017,Personal Laboral - Acceso Libre,Educador/Educadora de Centros Sociales,,,8,27/06/2018,Lista definitiva de personas adjudicatarias
2018,Personal Laboral - Acceso Libre,Fisioterapeuta,,,5,,Pendiente de convocatoria
2018,Personal Laboral - Promoción Interna,Médica/Médico,,,5,,Pendiente de convocatoria
2017,Personal Laboral - Promoción Interna,Médica/Médico,,,5,,Pendiente de convocatoria
2016,Personal Laboral - Acceso Libre,Médica/Médico,,,5,27/06/2018,Listado complementario personas aprobadas con plaza
2009,Personal Laboral - Acceso Libre,Médico/a-Rehabilitador/a,,,4,29/06/2009,Proceso finalizado
2007,Personal Laboral - Acceso Libre,Médico/a-Rehabilitador/a,,,4,29/06/2009,Proceso finalizado
2018,Personal Laboral - Promoción Interna,Psicóloga/Psicólogo,,,5,,Pendiente de convocatoria
2017,Personal Laboral - Promoción Interna,Psicóloga/Psicólogo,,,15,,Pendiente de convocatoria
2016,Personal Laboral - Acceso Libre,Psicóloga/Psicólogo,,,5,27/06/2018,Oferta de plazas vacantes
2016,Personal Laboral - Promoción Interna,Psicóloga/Psicólogo,,,5,,Lista provisional de personas admitidas y excluidas
2009,Personal Laboral - Acceso Libre,Psicóloga/Psicólogo,,,10,20/04/2010,Proceso finalizado
2009,Personal Laboral - Promoción Interna,Psicóloga/Psicólogo,,,10,,Web Empleado Público
2018,Personal Laboral - Acceso Libre,Conductor/a  Mecánico de Primera,,,5,,Pendiente de convocatoria
2018,Personal Laboral - Promoción Interna,Conductor/a  Mecánico de Primera,,,5,,Pendiente de convocatoria
2016,Personal Laboral - Acceso Libre,Diplomada/Diplomado Enfermería,,,5,27/06/2018,Lista definitiva de personas aprobadas
2009,Personal Laboral - Acceso Libre,Diplomada/Diplomado Enfermería,,,14,18/06/2009,Proceso finalizado
2007,Personal Laboral - Acceso Libre,Diplomada/Diplomado Enfermería,,,14,18/06/2009,Proceso finalizado
2016,Personal Laboral - Acceso Libre,Diplomada/o en Trabajo Social o equivalente,,,5,27/06/2018,Lista definitiva de personas adjudicatarias
2009,Personal Laboral - Acceso Libre,Diplomada/o en Trabajo Social o equivalente,,,20,19/06/2009,Proceso finalizado
2007,Personal Laboral - Acceso Libre,Diplomada/o en Trabajo Social o equivalente,,,20,19/06/2009,Proceso finalizado
2018,Personal Laboral - Acceso Libre,Dirección de Cocina,,,15,,Pendiente de convocatoria
2007,Personal Laboral - Acceso Libre,Educador/Educadora,,,5,20/04/2009,Lista definitiva de personas adjudicatarias
2017,Personal Laboral - Promoción Interna,Educador/Educadora Infantil,,,15,,Pendiente de convocatoria
2016,Personal Laboral - Promoción Interna,Educador/Educadora Infantil,,,5,,Pendiente de convocatoria
2017,Personal Laboral - Promoción Interna,Educador/Educadora de Centros Sociales,,,30,,Pendiente de convocatoria
2009,Personal Laboral - Acceso Libre,Educador/Educadora de Centros Sociales,,,26,11/07/2009,Proceso finalizado
2009,Personal Laboral - Promoción Interna,Educador/Educadora de Centros Sociales,,,5,,Web Empleado Público
2007,Personal Laboral - Acceso Libre,Educador/Educadora de Centros Sociales,,,26,11/07/2009,Proceso finalizado
2009,Personal Laboral - Acceso Libre,Fisioterapeuta,,,14,18/06/2009,Proceso finalizado
2007,Personal Laboral - Acceso Libre,Fisioterapeuta,,,14,18/06/2009,Proceso finalizado
2018,Personal Laboral - Acceso Libre,Jefa/Jefe de Servicios Técnicos y/o Mantenimiento,,,5,,Pendiente de convocatoria
2018,Personal Laboral - Acceso Libre,Monitor/a Escolar,,,30,,Pendiente de convocatoria
2018,Personal Laboral - Promoción Interna,Monitor/a Escolar,,,9,,Pendiente de convocatoria
2018,Personal Laboral - Acceso Libre,Personal Técnico en Integración Social,,,10,,Pendiente de convocatoria
2018,Personal Laboral - Acceso Libre,Personal Técnico en Integración Sociocultural,,,10,,Pendiente de convocatoria
2007,Personal Laboral - Acceso Libre,Restaurador/Restauradora,,,5,20/04/2009,Lista definitiva de personas adjudicatarias
2018,Personal Laboral - Acceso Libre,Técnica/o Superior en Educación Infantil,,,30,,Pendiente de convocatoria
2017,Personal Laboral - Promoción Interna,Conductor/a  Mecánico de Primera,,,5,,Pendiente de convocatoria
2018,Personal Laboral - Promoción Interna,Dirección de Cocina,,,10,,Pendiente de convocatoria
2017,Personal Laboral - Acceso Libre,Dirección de Cocina,,,16,,Web Empleado Público
2017,Personal Laboral - Promoción Interna,Dirección de Cocina,,,10,,Pendiente de convocatoria
2016,Personal Laboral - Promoción Interna,Dirección de Cocina,,,10,,Lista provisional de personas admitidas y excluidas
2018,Personal Laboral - Promoción Interna,Encargada/Encargado,,,13,,Pendiente de convocatoria
2017,Personal Laboral - Acceso Libre,Monitor/a Escolar,,,43,,Web Empleado Público
2017,Personal Laboral - Promoción Interna,Monitor/a Escolar,,,70,,Pendiente de convocatoria
2016,Personal Laboral - Promoción Interna,Monitor/a Escolar,,,15,,Lista provisional de personas admitidas y excluidas
2017,Personal Laboral - Acceso Libre,Oficial/a Primera Oficios,,,5,,Web Empleado Público
2017,Personal Laboral - Promoción Interna,Oficial/a Primera Oficios,,,15,,Pendiente de convocatoria
2016,Personal Laboral - Promoción Interna,Oficial/a Primera Oficios,,,5,,Lista provisional de personas admitidas y excluidas
2018,Personal Laboral - Promoción Interna,Personal Técnico de Servicios en Centros,,,9,,Pendiente de convocatoria
2018,Personal Laboral - Promoción Interna,Personal Técnico en Integración Social,,,15,,Pendiente de convocatoria
2017,Personal Laboral - Acceso Libre,Personal Técnico en Integración Social,,,20,,Web Empleado Público
2017,Personal Laboral - Promoción Interna,Personal Técnico en Integración Social,,,20,,Pendiente de convocatoria
2016,Personal Laboral - Promoción Interna,Personal Técnico en Integración Social,,,15,,Lista provisional de personas admitidas y excluidas
2018,Personal Laboral - Promoción Interna,Personal Técnico en Integración Sociocultural,,,9,,Pendiente de convocatoria
2017,Personal Laboral - Promoción Interna,Personal Técnico en Integración Sociocultural,,,25,,Pendiente de convocatoria
2018,Personal Laboral - Promoción Interna,Técnica/Técnico en Educación Infantil,,,5,,Pendiente de convocatoria
2016,Personal Laboral - Promoción Interna,Técnica/Técnico en Educación Infantil,,,15,,Pendiente de convocatoria
2018,Personal Laboral - Promoción Interna,Técnica/o Superior en Educación Infantil,,,24,,Pendiente de convocatoria
2017,Personal Laboral - Acceso Libre,Técnica/o Superior en Educación Infantil,,,97,,Web Empleado Público
2017,Personal Laboral - Promoción Interna,Técnica/o Superior en Educación Infantil,,,50,,Lista provisional de personas admitidas y excluidas
2009,Personal Laboral - Acceso Libre,Técnica/o Superior en Educación Infantil,,,50,,Web Empleado Público
2018,Personal Laboral - Acceso Libre,Auxiliar de Cocina,,,30,,Pendiente de convocatoria
2018,Personal Laboral - Promoción Interna,Auxiliar de Cocina,,,39,,Pendiente de convocatoria
2017,Personal Laboral - Acceso Libre,Auxiliar de Cocina,,,43,,Lista provisional de personas adjudicatarias
2018,Personal Laboral - Acceso Libre,Auxiliar de Enfermería,,,15,,Pendiente de convocatoria
2018,Personal Laboral - Promoción Interna,Auxiliar de Enfermería,,,3,,Pendiente de convocatoria
2017,Personal Laboral - Acceso Libre,Auxiliar de Enfermería,,,38,,Lista provisional de personas adjudicatarias
2017,Personal Laboral - Promoción Interna,Auxiliar de Enfermería,,,45,,Pendiente de convocatoria
2017,Personal Laboral - Acceso Libre,Auxiliar de Instituciones Culturales,,,6,,Lista provisional de personas adjudicatarias
2017,Personal Laboral - Promoción Interna,Auxiliar de Instituciones Culturales,,,15,,Pendiente de convocatoria
2009,Personal Laboral - Acceso Libre,Conductor/a  Mecánico de Primera,,,3,,Web Empleado Público
2009,Personal Laboral - Promoción Interna,Conductor/a  Mecánico de Primera,,,4,,Web Empleado Público
2009,Personal Laboral - Acceso Libre,Corrector/Correctora,,,2,,Web Empleado Público
2009,Personal Laboral - Acceso Libre,Monitor/a de Educación Especial,,,40,,Web Empleado Público
2009,Personal Laboral - Promoción Interna,Monitor/a de Educación Especial,,,30,,Web Empleado Público
2009,Personal Laboral - Acceso Libre,Oficial Primera Preimpresión,,,4,,Web Empleado Público
2009,Personal Laboral - Acceso Libre,Oficial/a Primera Cocinero/a,,,10,,Web Empleado Público
2009,Personal Laboral - Promoción Interna,Oficial/a Primera Cocinero/a,,,8,,Web Empleado Público
2009,Personal Laboral - Acceso Libre,Oficial/a Primera Oficios,,,14,,Web Empleado Público
2009,Personal Laboral - Promoción Interna,Oficial/a Primera Oficios,,,16,,Web Empleado Público
2018,Personal Laboral - Acceso Libre,Oficial/a de Segunda de Oficios,,,5,,Pendiente de convocatoria
2018,Personal Laboral - Promoción Interna,Oficial/a de Segunda de Oficios,,,21,,Pendiente de convocatoria
2017,Personal Laboral - Acceso Libre,Oficial/a de Segunda de Oficios,,,16,,Lista provisional de personas adjudicatarias
2017,Personal Laboral - Promoción Interna,Oficial/a de Segunda de Oficios,,,45,,Pendiente de convocatoria
2009,Personal Laboral - Acceso Libre,Operador/a de Ordenador,,,3,,Web Empleado Público
2009,Personal Laboral - Promoción Interna,Técnica/o Superior en Educación Infantil,,,30,,Web Empleado Público
2018,Personal Laboral - Acceso Libre,Auxiliar Sanitaria/Sanitario,,,10,,Pendiente de convocatoria
2018,Personal Laboral - Promoción Interna,Auxiliar Sanitaria/Sanitario,,,11,,Pendiente de convocatoria
2017,Personal Laboral - Promoción Interna,Auxiliar de Autopsia,,,3,,Pendiente de convocatoria
2009,Personal Laboral - Acceso Libre,Auxiliar de Clínica y Ayuda a Domicilio,,,20,,Web Empleado Público
2009,Personal Laboral - Promoción Interna,Auxiliar de Clínica y Ayuda a Domicilio,,,26,,Web Empleado Público
2017,Personal Laboral - Promoción Interna,Auxiliar de Cocina,,,55,,Pendiente de convocatoria
2016,Personal Laboral - Promoción Interna,Auxiliar de Cocina,,,10,,Lista provisional de personas admitidas y excluidas
2009,Personal Laboral - Acceso Libre,Cocinera/Cocinero,,,26,,Web Empleado Público
2009,Personal Laboral - Promoción Interna,Cocinera/Cocinero,,,14,,Web Empleado Público
2009,Personal Laboral - Acceso Libre,Conductor/Conductora,,,7,,Web Empleado Público
2009,Personal Laboral - Promoción Interna,Conductor/Conductora,,,10,,Web Empleado Público
2009,Personal Laboral - Acceso Libre,Cuidador/Cuidadora,,,4,,Web Empleado Público
2009,Personal Laboral - Acceso Libre,Oficial de Segunda Impresión,,,1,,Web Empleado Público
2009,Personal Laboral - Acceso Libre,Oficial/a de Segunda de Oficios,,,20,,Web Empleado Público
2009,Personal Laboral - Promoción Interna,Oficial/a de Segunda de Oficios,,,10,,Web Empleado Público
2018,Personal Laboral - Acceso Libre,Personal Asistente en Restauración,,,35,,Pendiente de convocatoria
2018,Personal Laboral - Promoción Interna,Personal Asistente en Restauración,,,39,,Pendiente de convocatoria
2018,Personal Laboral - Acceso Libre,Personal Limpieza y Alojamiento,,,44,,Pendiente de convocatoria
2017,Personal Laboral - Acceso Libre,Personal Limpieza y Alojamiento,,,154,,Lista provisional de personas admitidas y excluidas
2018,Personal Laboral - Acceso Libre,Personal Servicios Generales,,,46,,Pendiente de convocatoria
2018,Personal Laboral - Promoción Interna,Personal Servicios Generales,,,84,,Pendiente de convocatoria
2018,Personal Laboral - Acceso Libre,Personal Servicios Generales (Cupo Discapacidad),,,14,,Pendiente de convocatoria
2018,Personal Laboral - Acceso Libre,Personal de Oficios,,,15,,Pendiente de convocatoria
2018,Personal Laboral - Promoción Interna,Personal de Oficios,,,21,,Pendiente de convocatoria
2017,Personal Laboral - Acceso Libre,Personal de Oficios,,,8,,Lista provisional de personas admitidas y excluidas
2017,Personal Laboral - Acceso Libre,Auxiliar Sanitaria/Sanitario,,,7,,Lista provisional de personas admitidas y excluidas
2017,Personal Laboral - Promoción Interna,Auxiliar Sanitaria/Sanitario,,,5,,Pendiente de convocatoria
2009,Personal Laboral - Acceso Libre,Auxiliar Sanitaria/Sanitario,,,5,,Web Empleado Público
2009,Personal Laboral - Promoción Interna,Auxiliar Sanitaria/Sanitario,,,4,,Web Empleado Público
2009,Personal Laboral - Acceso Libre,Ayudante de Cocina,,,20,,Web Empleado Público
2009,Personal Laboral - Promoción Interna,Ayudante de Cocina,,,15,,Web Empleado Público
2009,Personal Laboral - Acceso Libre,Limpiador/Limpiadora,,,87,,Web Empleado Público
2009,Personal Laboral - Acceso Libre,"Limpiador/a (Reserva discapacidad psiquica, retraso leve/moderado)",,,8,13/04/2010,Web Empleado Público
2009,Personal Laboral - Acceso Libre,Ordenanza,,,62,,Web Empleado Público
2009,Personal Laboral - Promoción Interna,Ordenanza,,,76,,Web Empleado Público
2009,Personal Laboral - Acceso Libre,"Ordenanza (Reserva discapacidad psiquica, retraso leve/moderado)",,,14,13/04/2010,Web Empleado Público
2017,Personal Laboral - Acceso Libre,Personal Asistente en Restauración,,,47,,Lista provisional de personas admitidas y excluidas
2017,Personal Laboral - Promoción Interna,Personal Asistente en Restauración,,,30,,Pendiente de convocatoria
2016,Personal Laboral - Acceso Libre,Personal Limpieza y Alojamiento (Cupo Discapacidad),,,,,Web Empleado Público
2017,Personal Laboral - Acceso Libre,Personal Servicios Generales,,,68,,Lista provisional de personas admitidas y excluidas
2017,Personal Laboral - Promoción Interna,Personal Servicios Generales,,,25,,Pendiente de convocatoria
2016,Personal Laboral - Promoción Interna,Personal Servicios Generales,,,50,,Lista provisional de personas admitidas y excluidas
2016,Personal Laboral - Acceso Libre,Personal Servicios Generales (Cupo Discapacidad),,,16,,Web Empleado Público
2017,Personal Laboral - Promoción Interna,Personal de Oficios,,,17,,Pendiente de convocatoria
2009,Personal Laboral - Acceso Libre,Personal de Servicio Doméstico,,,40,,Web Empleado Público
2009,Personal Laboral - Promoción Interna,Personal de Servicio Doméstico,,,16,,Web Empleado Público
2009,Personal Laboral - Acceso Libre,Peón Especializado Artes Gráficas,,,3,,Web Empleado Público
2009,Personal Laboral - Acceso Libre,Pinche de Cocina,,,8,,Web Empleado Público
2009,Personal Laboral - Acceso Libre,Telefonista,,,3,,Web Empleado Público
2009,Personal Laboral - Acceso Libre,Vigilante,,,16,,Web Empleado Público
2009,Personal Laboral - Promoción Interna,Vigilante,,,16,,Web Empleado Público
